customer_id;name;email;phone;gender;birth_date;register_date
1;Ayşe Yılmaz;ayse.yilmaz@mail.com;532 111 11 01;F;15.05.1990;10.01.2023
2;Mehmet Kaya;mehmet.kaya@mail.com;544 222 22 02;M;20.11.1985;15.01.2023
3;Elif Demir;elif.demir@mail.com;505 333 33 03;F;1.08.2000;1.02.2023
4;Caner Öztürk;caner.ozturk@mail.com;555 444 44 04;M;25.03.1998;14.02.2023
5;Zeynep Arslan;zeynep.arslan@mail.com;532 555 55 05;F;10.12.1975;1.03.2023
6;Ali Vural;ali.vural@mail.com;542 666 66 06;M;8.09.1993;10.03.2023
7;Büşra Şahin;busra.sahin@mail.com;507 777 77 07;F;12.06.1988;22.03.2023
8;Deniz Çelik;deniz.celik@mail.com;533 888 88 08;M;30.01.2002;5.04.2023
9;İrem Akın;irem.akin@mail.com;545 999 99 09;F;18.04.1995;18.04.2023
10;Emre Yıldız;emre.yildiz@mail.com;506 100 10 10;M;3.07.1982;1.05.2023
11;Pınar Güneş;pinar.gunes@mail.com;554 111 11 11;F;28.10.1991;15.05.2023
12;Hakan Bulut;hakan.bulut@mail.com;530 222 22 12;M;5.02.1979;1.06.2023
13;Selin Ece;selin.ece@mail.com;541 333 33 13;F;11.11.1996;10.06.2023
14;Fırat Gül;firat.gul@mail.com;501 444 44 14;M;22.01.1987;25.06.2023
15;Cemre Koç;cemre.koc@mail.com;535 555 55 15;F;5.04.1999;1.07.2023
16;Uğur Şimşek;ugur.simsek@mail.com;546 666 66 16;M;19.12.1984;15.07.2023
17;Melis Sönmez;melis.sonmez@mail.com;552 777 77 17;F;29.07.1992;1.08.2023
18;Barış Aydın;baris.aydin@mail.com;508 888 88 18;M;14.02.2001;10.08.2023
19;Derya Mert;derya.mert@mail.com;538 999 99 19;F;1.03.1980;25.08.2023
20;Volkan Tekin;volkan.tekin@mail.com;549 101 10 20;M;6.11.1994;1.09.2023
21;Gizem Aksoy;gizem.aksoy@mail.com;550 112 11 21;F;17.05.1989;15.09.2023
22;Mert Polat;mert.polat@mail.com;531 123 12 22;M;28.08.1977;1.10.2023
23;Ece Yüksel;ece.yuksel@mail.com;540 134 13 23;F;9.01.2003;5.10.2023
24;Serkan Ak;serkan.ak@mail.com;509 145 14 24;M;20.10.1986;10.10.2023
25;Banu Kara;banu.kara@mail.com;534 156 15 25;F;3.03.1997;15.10.2023
26;Kerem Can;kerem.can@mail.com;553 167 16 26;M;27.06.1981;20.10.2023
27;Hilal Avcı;hilal.avci@mail.com;543 178 17 27;F;14.12.1990;25.10.2023
28;Murat Tunç;murat.tunc@mail.com;502 189 18 28;M;29.04.1974;1.11.2023
29;Neslihan Kurt;neslihan.kurt@mail.com;536 190 19 29;F;1.09.1993;5.11.2023
30;Ozan Erdem;ozan.erdem@mail.com;547 201 20 30;M;23.02.1988;10.11.2023
31;Fulya Tek;fulya.tek@mail.com;556 212 21 31;F;9.05.1996;15.11.2023
32;Sinan Kılıç;sinan.kilic@mail.com;537 223 22 32;M;4.10.1983;20.11.2023
33;Yağmur Yücel;yagmur.yucel@mail.com;548 234 23 33;F;28.11.2000;25.11.2023
34;Kubilay Şen;kubilay.sen@mail.com;503 245 24 34;M;16.01.1978;1.12.2023
35;Esra Özcan;esra.ozcan@mail.com;539 256 25 35;F;13.08.1994;5.12.2023
36;Tolga Işık;tolga.isik@mail.com;551 267 26 36;M;30.03.1985;10.12.2023
37;Nazlı Doğan;nazli.dogan@mail.com;540 278 27 37;F;21.06.1991;15.12.2023
38;Harun Atalay;harun.atalay@mail.com;504 289 28 38;M;12.09.1980;20.12.2023
39;Mine Erol;mine.erol@mail.com;535 290 29 39;F;7.12.1998;25.12.2023
40;İbrahim Demirci;ibrahim.demirci@mail.com;546 301 30 40;M;2.02.1995;1.01.2024
41;Damla Koçak;damla.kocak@mail.com;554 312 31 41;F;19.07.1987;5.01.2024
42;Gökhan Aktaş;gokhan.aktas@mail.com;530 323 32 42;M;3.11.1976;10.01.2024
43;Ahu Toprak;ahu.toprak@mail.com;541 334 33 43;F;26.04.1992;15.01.2024
44;Engin Yüce;engin.yuce@mail.com;501 345 34 44;M;18.10.2000;20.01.2024
45;Sena Ergün;sena.ergun@mail.com;535 356 35 45;F;8.01.1983;25.01.2024
46;Tayfun Bilgin;tayfun.bilgin@mail.com;546 367 36 46;M;17.03.1997;1.02.2024
47;İpek Soylu;ipek.soylu@mail.com;552 378 37 47;F;29.09.1986;5.02.2024
48;Levent Efe;levent.efe@mail.com;508 389 38 48;M;6.12.1979;10.02.2024
49;Rumeysa Kılıç;rumeysa.kilic@mail.com;538 390 39 49;F;23.05.1994;15.02.2024
50;Gökçe Soylu;gokcesoylu24@gmail.com;552 604 2515;F;18.08.2000;23.09.2022
51;Hande Ersoy;hande.ersoy@mail.com;532 411 41 51;F;7.07.1990;25.02.2024
52;Onur Tekiner;onur.tekiner@mail.com;544 422 42 52;M;19.04.1983;1.03.2024
53;Zümra Kılıç;zumra.kilic@mail.com;505 433 43 53;F;29.11.2002;5.03.2024
54;Emrah Saygın;emrah.saygin@mail.com;555 444 44 54;M;14.02.1978;10.03.2024
55;Cansu Deniz;cansu.deniz@mail.com;532 455 45 55;F;3.10.1995;15.03.2024
56;Fatih Yılmaz;fatih.yilmaz@mail.com;542 466 46 56;M;22.06.1991;20.03.2024
57;Aylin Özer;aylin.ozer@mail.com;507 477 47 57;F;1.01.1989;25.03.2024
58;Ege Canpolat;ege.canpolat@mail.com;533 488 48 58;M;17.09.2003;1.04.2024
59;Burcu Aksoy;burcu.aksoy@mail.com;545 499 49 59;F;5.04.1985;5.04.2024
60;Rıfat Demir;rifat.demir@mail.com;506 500 50 60;M;11.08.1998;10.04.2024
61;Pelin Akıncı;pelin.akinci@mail.com;554 511 51 61;F;20.03.1982;15.04.2024
62;Gürkan Taş;gurkan.tas@mail.com;530 522 52 62;M;4.12.1975;20.04.2024
63;Sema Baş;sema.bas@mail.com;541 533 53 63;F;16.06.1999;25.04.2024
64;Tufan Kök;tufan.kok@mail.com;501 544 54 64;M;27.10.1987;1.05.2024
65;Nehir Aydın;nehir.aydin@mail.com;535 555 55 65;F;9.02.1993;5.05.2024
66;Alp Önal;alp.onal@mail.com;546 566 56 66;M;2.11.1984;10.05.2024
67;İdil Güler;idil.guler@mail.com;552 577 57 67;F;24.05.2001;15.05.2024
68;Yaşar Beyaz;yasar.beyaz@mail.com;508 588 58 68;M;8.03.1976;20.05.2024
69;Aslıhan Tekin;aslihan.tekin@mail.com;538 599 59 69;F;19.09.1996;25.05.2024
70;Doruk Er;doruk.er@mail.com;549 600 60 70;M;28.01.1992;1.06.2024
71;Ceren Özmen;ceren.ozmen@mail.com;550 611 61 71;F;12.12.1980;5.06.2024
72;Metin Sancak;metin.sancak@mail.com;531 622 62 72;M;26.07.1986;10.06.2024
73;Şeyma Tan;seyma.tan@mail.com;540 633 63 73;F;14.04.1997;15.06.2024
74;Halil Çam;halil.cam@mail.com;509 644 64 74;M;3.08.1979;20.06.2024
75;Taha Naim Özmen;tnozmen04@gmail.com;555 405 6787;M;30.11.2004;23.12.2025
76;Gizem Savaş;gizem.savas@mail.com;532 666 66 76;F;8.11.1985;1.07.2024
77;Ömer Çınar;omer.cinar@mail.com;544 677 67 77;M;17.02.1993;5.07.2024
78;Defne Kurt;defne.kurt@mail.com;505 688 68 78;F;30.05.2000;10.07.2024
79;Yusuf Erim;yusuf.erim@mail.com;555 699 69 79;M;25.10.1976;15.07.2024
80;Neşe Yüce;nese.yuce@mail.com;532 700 70 80;F;4.01.1996;20.07.2024
81;Hakan Altay;hakan.altay@mail.com;542 711 71 81;M;29.04.1988;25.07.2024
82;Eda Denizci;eda.denizci@mail.com;507 722 72 82;F;16.08.1991;1.08.2024
83;Sinan Yüksel;sinan.yuksel@mail.com;533 733 73 83;M;11.03.2003;5.08.2024
84;Berna Özen;berna.ozen@mail.com;545 744 74 84;F;2.12.1974;10.08.2024
85;Arda Aydınlı;arda.aydinli@mail.com;506 755 75 85;M;21.07.1999;15.08.2024
86;Funda Taşçı;funda.tasci@mail.com;554 766 76 86;F;14.10.1982;20.08.2024
87;Kerim Güven;kerim.guven@mail.com;530 777 77 87;M;26.01.1987;25.08.2024
88;Leyla Akarsu;leyla.akarsu@mail.com;541 788 78 88;F;6.09.1995;1.09.2024
89;Alper Soylu;alper.soylu@mail.com;501 799 79 89;M;18.06.1979;5.09.2024
90;Buket Kış;buket.kis@mail.com;535 800 80 90;F;9.03.1998;10.09.2024
91;Can Dağ;can.dag@mail.com;546 811 81 91;M;1.12.1990;15.09.2024
92;Mine Balcı;mine.balci@mail.com;552 822 82 92;F;23.07.1986;20.09.2024
93;Levent Uzun;levent.uzun@mail.com;508 833 83 93;M;12.04.1977;25.09.2024
94;Nilay Sarp;nilay.sarp@mail.com;538 844 84 94;F;20.11.2001;1.10.2024
95;Samet Kurtuluş;samet.kurtulus@mail.com;549 855 85 95;M;5.02.1994;5.10.2024
96;Dilara Taş;dilara.tas@mail.com;550 866 86 96;F;13.05.1989;10.10.2024
97;Timur Şahin;timur.sahin@mail.com;531 877 87 97;M;8.10.1984;15.10.2024
98;Ece Karaaslan;ece.karaaslan@mail.com;540 888 88 98;F;7.03.1997;20.10.2024
99;Faruk Tekin;faruk.tekin@mail.com;509 899 89 99;M;28.09.1975;25.10.2024
100;Nergis Er;nergis.er@mail.com;534 900 90 00;F;6.12.1981;1.11.2024
